{
    "$schema": "https://schema.management.azure.com/schemas/2019-04-01/deploymentParameters.json#",
    "contentVersion": "1.0.0.0",
    "parameters": {
        "azureBotId": {
            "value": "flyme-azurebot"
        },
        "azureBotSku": {
            "value": "S1"
        },
        "azureBotRegion": {
            "value": "global"
        },
        "botEndpoint": {
            "value": "https://flyme-webapp.azurewebsites.net/api/messages"
        },
        "appId": {
            "value": "0fb031ca-5e68-4ae1-969e-2e4d004b318f"
        }
    }
}
